全台灣人民最高,被台灣社會寵壞,政府企業文化,一個被寵壞,最大缺點,歷史層面,柯文哲,吳世正,容忍度,夠傲慢,非戰區,忍受度,到現在,傲慢,哈哈,因為,台灣,建立,北市,市長,長孫,長子,就不,明天,小孩,失言,坦承,不起,今天,地說,他說,人家,最大,我擁,接受,台北,為長,個人,對他,一面,打造,整個,支持,目標,我真,他,就,要,不,人,我,一,做,會,說,成,到,想,當,去,你,但,頻,揮,好,最,對,黨,整,沒,度,政,長,事,那,麼,年,下,手,只,後,高,回,時,過,柯,都,指,了,看,所,根,為,問,話,台,點,言,力,被,理,然,示,強,近,主,早,讓,選,來,些,樣,片,及,也,實,者,影,罵,更,職,在,出,現,分,見,上,認,用,本,民,個,法,答,感,議,價,自,期,次,比

台東大學校長劉金源,斯德哥爾摩症候群,身心狀況無虞,為林嫌,張生在,林嫌,求情,張生,平安,台東,昨天,未來,醫師,歹徒,身心,媒體,獲釋,陪同,庭求,溝通,父母,甚至,學生,出庭,大學,傷害,良好,致電,遭挾,進行,對外,替他,手機,相當,外界,出現,私下,挾持,母親,初步,表示,筆錄,表達,診斷,嫌犯,他,到,大,說,一,不,張,開,心,會,我,時,被,爸,槍,面,謝,抱,情,收,乖,講,要,但,打,林,在,動,很,對,後,度,回,話,起,安,同,疑,做,雖,方,刑,強,行,止,願,保,警,想,定,家,人,遇,降,衛,因,兩,幫,只,好,來,便,過,可,法,國,意,怕,僅,校,中,課,直,出,遭

考第一名要請客,校內知識學習,只要能考得好,方式呈現出來,競爭論述權威,在校園生活中,著十二年國教,教育體制,舉例來說,負面態度,社會圖像,自動自發,成績不好,社會地位,學習主體,去做自己,人格特質,明星高中,教育體系,學生很少,家長心中,精神狀態,道德規範,階序社會,自己小孩,離開校園,社區高中,家庭經濟,勝者傲慢,都沒準備,我們自己,競爭體制,課堂知識,受教育者,也反映出,一位家長,在課堂上,如此一來,資源分配,證明自我,一些大學,段大學,此競爭,位家長,延續了,質疑說,過程中,不可能,會出現,常聽到,一個人,個空間,到英語,對孩子,換言之,人渣論,中學時,著自己,對競爭,強制力,對他們,競爭性,一方面,學階段,他們對,壞學生,好學生,段學生,勝利組,意義上,什麼樣,個說法,在台北,公車上,觀察到,入學方,青年們,在教室,學生,社會,競爭,我們,義氣,學校,孩子,什麼,教育,成績,之間,同學,自己,學習,自我,知識,其實,經常,所謂,如此,妒恨,校內,大概,來說,高中,一種,大學,第一,關係,排名,家庭,人格,狀態,直接,家長,別人,隻眼,權威,真正,而言,非常,考試,魯蛇,毫無,帶著,除了,無論,因此,之中,世界,朋友,而已,課堂,調整,段班,甚至,教室,普遍,校方,存在,上課,等等,蹺課,個人,一點,影響,並不,生活,殘酷,安排,階級,雖然,能力,展現,現出,小孩,同儕,邏輯,位置,制度,台灣,裡頭,現在,也會,決定,校園,許多,防衛,問題,徹底,他們,到第,勞動,時時,表面,經濟,最在,確可,東西,提早,傲慢,認識,成功,思考,後果,時而,讀書,狀況,超越,不僅,透過,抽煙,變成,簡單,完全,習慣,高教,一般,意思,驚訝,在班,出來,虛偽,逼迫,體會,不同,座位,造成,考後,及在,產生,高下,課外,培養,明白,肯定,亦即,空間,激烈,作為,方式,在此,功課,背叛,過程,控制,其它,比較,身高,時間,基本,前/,前者,而成,現實,階序,國家,偏狹,缺乏,畢竟,友會,那些,資本,相挺,們在,要求,獲得,活動,主義,任何,問說,經驗,挑戰,意義,當代,抽象,拒絕,說明,名次,已經,當中,真實,認為,呈現,每個,一個,小學,養成,人生,力量,可能,如何,改變,從而,欺負,赤裸,資源,因為,成一,之外,抵抗,英語,事了,認同,心理,共同,看到,差距,重要,我曾,尊重,念書,幫助,疑問,中學,他人,人們,在,對,上,了,而,不,人,一,到,個,也,中,來,者,都,好,會,時,可,後,所,性,得,總,/,為,排,我,說,就,下,高,然,無,則,用,前,心,面,當,此,著,名,意,交,明,進,視,大,由,只,全,多,但,樣,學,沒,度,正,外,被,反,鳳,念,更,便,處,南,力,剛,分,能,生,龍,體,強,同,還,自,出,種,起,序,且,歲,年,其,教,第,裡,課,形,小,從,刻,背,相,具,表,發,考,及,位,本,看,過,類,比,壞,事,按,等,先,某,他,長,要,造,放,知,單,張,格,見,導,構,清,校,果,建,再,成,級,重,行,非,日,七,十,乎,子,法,跟,讀,很,想,開,.,每,結,常,向,身,將,師,_,入,最,並,帶,求,內,涉,熱,方,必,呈,遠,班,滿,引,列,氣,失,運,何,差,伴,消,送,式,們,北,趨,爭,觀,態,富,化,值,低,恨,如,加,誰,家,假,轉,配,取,補,另,怪,團,去,制,路,整,促,情,許,論,據,照,苦,話,卻,園,依,(,傳,段,願,給,深,系,變,二,定,些,道,機,步,兩,統,理,較,細,擁,動,俗,作,若,異,至,部,價,彼,互,監,),新,感,範,離,女,點,劣,代,像,確,主,覺,偏,扣,顯,現,它,文,例,地,坐,做,口,皆,憤,利,又,件,聯,穩,即

成功老化概念,種族/族群,每日/每夜,在老年歧視,老人被視為,祖父母照顧,照顧孫子女,在日常生活,我們對美貌,老年歧視,資本主義,台灣社會,勞動人口,依賴人口,身體功能,成功老化,老年政策,一書指出,日常生活,意識形態,身心障礙,研究指出,美國社會,抗老產品,生產活動,老年人口,六年級生,多元想像,生命自然,工業革命,我們對,美魔女,勞動力,生產力,定義為,被視為,一方面,造年輕,環繞著,定不應,務工作,為自然,人之間,另一個,近年來,也創造,第一個,能動性,抗老也,脈絡下,讓我們,為計算,印刷術,祖父母,傳承者,個問題,年輕人,醫療化,勞動者,老人,社會,依賴,身體,價值,老年,年齡,人口,性別,經驗,想像,維持,醫療,市場,女性,影響,工作,發展,我們,重要,需要,青春,同時,政策,保養,個人,恐懼,不僅,老化,定義,文化,反映,往往,能力,年輕,重新,可能,包括,什麼,區分,過程,抗老,差異,問題,疾病,他們,主要,議題,標準,勾勒,特別,傳統,造成,發明,成為,相對,追求,照顧,兩難,相關,相較,特定,互動,對老,責任,因為,日常,例如,生命,背後,主流,國家,關係,框架,厭惡,階級,群體,單一,考察,台灣,當代,資源,貶抑,服務,族群,一詞,挑戰,仍然,介入,實際,失能,成功,類別,種族,認為,回應,無法,措施,時間,負擔,展現,實作,扶養,一定,外表,賦予,降低,同質,擔負,形塑,形容,經濟,科技,美容,結構,看似,也成,歷史,生產,負面,角色,原來,對她,複製,外勞,男性,整形,神話,擴張,獨立,逐漸,密集,行動,早已,甚至,鑲嵌,十多,比例,化對,積極,高度,健康,結果,心理,出現,消費,量化,邏輯,想法,美貌,化為,歧視,主體,透過,臨床,原本,範圍,研究,缺乏,公共,代表,立場,生活,一群,安排,畫面,不老,要求,認知,開始,強調,討論,現今,內涵,三個,增加,家庭,打破,投入,女人,具備,選擇,文字,對象,多半,提出,概念,近年,因此,量表,技術,為年,強化,老,在,不,為,及,對,被,也,中,化,所,大,女,但,和,年,可,性,時,個,上,人,處,只,者,成,力,實,進,我,當,體,學,了,[,用,而,到,越,美,公,],.,來,下,等,沒,外,遠,歲,其,單,◎,更,算,立,從,家,平,好,分,制,生,由,位,理,後,象,同,身,之,因,出,參,卻,要,然,反,無,基,受,裡,指,式,真,觀,前,建,再,常,行,工,誰,轉,相,子,似,都,思,應,面,兩,道,她,得,本,動,作,類,解,能,價,元,評,圖,多,屬,主,著,高,齡,自,影,現,並,回,標,又,違,合,預,造,徵,方,除,衰,視,失,該,改,經,構,向,初,宜,重,低,代,層,如,程,狀,免,業,擴,估,花,去,心,藏,續,換,善,很,定,頭,悲,提,論,照,孫,板,具,境,形,權,壓,選,變,圍,二,酬,術,步,承,備,衛,素,防,況,結,童,此,門,少,倩,說,就,傾,比,創,計,事,記,些,優,育,場,難,像,限,還,將,極,最,雖,地,界,量,存,內,快,望,%,度,男,敗,正,長,延,特

民主不再進步,國際政治,不涉政治,憲政體制,一個自我,民進黨,馬英九,馬習會,蔡英文,習近平,社會學,正當性,個政黨,中國,台灣,翻譯,我們,如果,美國,事務,戰爭,民主,執政,尊嚴,幻想,國際,一個,經濟,力量,應該,製造,內部,丑角,東亞,政黨,宣稱,他媽,甚麼,總統,領海,因此,捍衛,一,不,人,在,對,我,反,樣,(,為,會,了,沒,),面,那,接,重,日,除,給,當,可,加,/,能,之,何,任,上,如,時,做,大,中,就,政,出,待,再,領,力,被,們,破,必,你,應,行,形,盟,代,年,選,考,來,圍,定,天,由,等,相,覺,擊,光,及,位,機,自,危,理,得,權,本,種,帶,友,動,口,整,者,但,望,說,馬,悲,生,更,才,他,起,回,臨,話,即

正體字中譯本,社會學者自己,現代西方社會,愛情作為激情,純粹關係如何,愛情社會學,社會學研究,日常生活中,比社會學者,愛情為主題,正常性混亂,已經夠多了,實在不容易,社會學者,純粹關係,親密關係,心理諮商,兩性專家,結構主義,羅蘭巴特,社會過程,戀人絮語,也不需要,社會議題,個人主義,社會學系,生存本質,社會現象,人類生存,液態之愛,家庭制度,相關課程,西方社會,寫出一本,通識課程,社會文化,心理學系,社會學,年出版,佛洛姆,符號學,現代性,幾本書,做什麼,再加上,紀登斯,多數人,不一定,孫中興,要思考,在一起,探討愛,談愛情,通常會,出社會,研究結,人討厭,心理學,包括自,但筆者,中譯本,同性戀,浪漫愛,社會上,完全沒,一般人,個人化,好好想,請舉手,已經很,中英文,實在很,怎麼樣,情教育,兩個字,愛情,社會,問題,家庭,實踐,什麼,自我,理論,課程,也不,婚姻,台灣,西方,很多,大概,需要,藝術,關係,研究,我們,戀愛,包曼,魯曼,著作,專家,如何,概念,發展,翻譯,論述,轉變,學生,經驗,文化,書名,個人,生活,因為,許多,相關,應該,種書,起來,其中,意涵,不只,經歷,多半,貝克,風險,自己,若論,行動,在地,紐帶,封面,解答,儘管,風格,情愛,主題,流行,甚至,比較,主體,先讀,能夠,如果,觀點,一點,出版,主義,雖然,想像,老師,改變,過程,建議,輔導,人可,練習,一樣,異同,論文,目前,解釋,他們,來想,加上,才能,可塑,本書,前面,意識,機會,現象,論愛,難懂,之愛,日常,敘事,作家,女性,背景,還要,消化,那麼,本土,教你,不過,性戀,何在,更多,德文,都可,書中,出來,教授,正在,出一,著名,不少,包括,結構,豐富,不同,小說,政治,科學,寫作,只要,會經,生命,容易,故事,因應,理解,開設,更重,發現,顯示,一種,內容,過來,體驗,學派,中心,散文,諮商,個案,兩性,工具,他所,聰明,解放,詮釋,德國,並不,不能,畢竟,性別,強調,對方,當教,提出,觀察,身經,上一,夫婦,名著,崩解,閱讀,類型,已經,當中,認為,大家,讀完,親子,人際,思維,名詞,筆者,傳統,多了,宗教,多人,很難,脆弱,之後,附錄,可能,嘗試,上新,針對,學者,參考,心理,都會,看到,何況,重要,重視,自由,議題,描述,作者,不論,還可,選擇,不,愛,就,還,性,看,也,人,化,到,書,要,能,學,懂,在,說,一,等,了,年,讀,很,對,情,用,寫,大,得,本,可,來,讓,個,嗎,都,論,想,解,中,些,文,其,觀,相,再,好,生,沒,新,正,談,謝,著,裡,法,會,思,內,只,譯,多,之,者,銷,然,賣,知,五,則,教,見,間,脫,出,成,力,分,如,小,試,幾,話,聽,那,表,系,抄,理,國,過,動,類,若,後,更,身,但,像,師,芸,最,種,量,名,析,感,他,專,反,真,刷,上,認,構,該,設,態,而,所,重,層,誰,實,去,子,路,三,視,講,面,給,當,慾,位,體,承,開,原,戰,時,作,把,少,比,離,女,入,/,因,討,世,地,:,界,識,證,為,關,起,劇,外,造,熱,網,科,耐,早,念,切,無,崩,阿,插,仔,注,直,基,導,演,算,趣,受,指,完,式,期,群,果,課,母,富,處,建,經,管,",",常,立,策,代,美,從,家,克,轉,手,背,角,線,倒,條,進,心,公,整,我,稱,育,提,合,衝,哪,佳,境,依,功,各,接,調,神,深,考,變,連,天,由,流,道,孕,絡,百,紀,結,員,此,迷,亂,煩,增,別,強,象,畫,創,白,點,事,同,許,產,買,難,下,樣,高,自,影,現,律,通,戀,求,拉,材,營,詞,獨,找,療,喜,利,男

如果讓學生自,社會學研究所,成為他自己,社會生活中,每個學校都,場扣人心弦,全人中學,教育實驗,成為自己,生命經驗,碩士論文,傳統學校,血汗超商,實驗室中,制度運作,自然科學,給予學生,臺灣社會,物質條件,生如何在,生命科學,社會學,讓我們,進一步,來處理,學生自,學生成,不確定,要如何,讓學生,如何在,實驗室,二○一,委員會,但卻又,改寫成,實驗,學生,教育,老師,我們,自己,臺灣,空間,什麼,學校,本書,各種,凡事,一個,可能,令人,研究,制度,如果,反思,社會,過程,無法,如何,從而,身為,現象,理想,傳承,工作,生活,另類,成長,如此,設計,不斷,既要,提供,展現,關係,深入,師生,不同,傳統,條件,才能,作者,環境,進行,何等,存在,因果,整合,但又,適時,作品,因為,嚴謹,回答,境下,組織,類似,答案,其中,論文,生命,透過,問題,具體,那麼,弔詭,尊重,強調,他們,證明,生存,大學,具備,課程,生在,挑戰,在,中,人,而,不,者,自,個,會,來,要,實,大,體,時,就,些,了,為,運,上,心,變,本,動,作,後,一,事,下,樣,高,讓,種,學,合,導,成,到,所,從,性,平,組,我,目,理,否,場,之,如,待,年,探,等,改,教,也,共,課,書,最,再,重,憂,子,都,三,生,質,治,面,選,發,天,能,她,過,解,院,此,全,新,同,資,但,像,工,將,/,主,現,它,地,做,你,對,望,又,物,件,料,造,然,方,必,科,止,知,滿,引,嚴,雄,則,間,用,足,域,色,險,精,觀,歷,言,各,力,管,行,停,代,日,家,密,角,歡,革,繼,好,去,乎,法,試,寫,模,定,-,權,領,那,當,由,及,道,原,製,.,夏,驚,員,向,別,立,適,白,圖,多,身,容,經,省,和,著,因,既,出,需,規,並,黑,呢,看,意,沒,喜,度,關,勞

